id	source	file:line	section	dup_of	text
I001	incident	docs/plans/2026-09-10-app-quality-gates/2026-09-10-app-quality-gates.md:31	Task 1: ESLint complexity ceiling		Executed 2026-09-10, with one deviation from the plan below:** Step 2 found the assumption in this task's own "Produces" line wrong — `HomePage` and `getTrackMetadata` were both built after the cited 2026-09-09 baseline and already exceed it (11 and 18 vs. ceiling 9). Rules shipped as `"warn"`, not 
I002	incident	docs/plans/2026-09-10-app-quality-gates/2026-09-10-app-quality-gates.md:159	Task 3: CI workflow for `app/`		2. First actual run failed: `.nvmrc` referenced by the workflow had never been committed, despite existing locally since Tier A. Committed it.
I003	incident	docs/plans/2026-09-10-app-quality-gates/2026-09-10-app-quality-gates.md:161	Task 3: CI workflow for `app/`		4. Next run failed: `npm run verify:full`, `app/scripts/verify.sh`, and the `engines`/`typecheck`/`verify` scripts in `app/package.json` had all been written and tested locally in an earlier session turn but never committed either — same root cause as #2, just a bigger blind spot. Committed both, pl
I004	incident	docs/plans/2026-09-18-metronome-real-timing/2026-09-18-metronome-real-timing.md:5	Metronome Real-Timing Playback Implementation Plan		Goal:** Make the metronome's auto-advance pace itself by each step's real recorded onset gap (scaled by the Tempo box, as a speed slider against the song's own detected tempo), instead of a fixed one-step-per-beat interval — fixing the reported bug where playback "sounds closer to normal at 3x-5x th
I005	incident	docs/plans/2026-09-18-metronome-real-timing/2026-09-18-metronome-real-timing.md:122	Task 1: Add `getStepOnsetTimes` to `lib/tabNotation.ts`		// order would be one refactor away from silently not matching).
I006	incident	docs/plans/2026-09-18-spotify-lookup-at-publish-time/2026-09-18-spotify-lookup-at-publish-time.md:19	Global Constraints		Root cause note (2026-09-19):** the "Shame" run's stored `title` is wrong — the source file was `Friction - Shame.m4a` (song "Friction" by artist "Shame"), but the pipeline captured no artist field at all and the run ended up titled "Shame" instead of "Friction". This is why Spotify metadata for it 
I007	incident	docs/plans/2026-09-18-spotify-lookup-at-publish-time/2026-09-18-spotify-lookup-at-publish-time.md:364	Task 3: Stop live-fetching Spotify data in the app, delete t		// id silently falls back to the most recent song instead of 404ing (deliberately
I008	incident	docs/plans/2026-09-18-spotify-lookup-at-publish-time/2026-09-18-spotify-lookup-at-publish-time.md:480	Task 4: Re-publish the existing 3 songs to backfill the new 		Run: `cd /Users/tomsvarpins/Projects/guitar_tab_processor/app && npm run dev`, open `http://localhost:3000`, and confirm all three songs still show their cover art and artist name exactly as before (visual regression check — the data should look identical, just sourced differently now). Then click b
I009	incident	docs/plans/2026-09-18-transcription-accuracy/2026-09-18-transcription-accuracy.md:222	this default.		raise RuntimeError(f"ffmpeg stem mix failed:\n{result.stderr}")
I010	incident	docs/plans/2026-09-18-transcription-accuracy/2026-09-18-transcription-accuracy.md:238	this default.		RuntimeError: ffmpeg (stem mixing) or basic-pitch itself failed.
I011	incident	docs/plans/2026-09-18-transcription-accuracy/2026-09-18-transcription-accuracy.md:270	this default.		raise RuntimeError(f"basic-pitch failed:\n{result.stderr}")
I012	incident	docs/plans/2026-09-18-transcription-accuracy/2026-09-18-transcription-accuracy.md:354	s03_transcribe		Correction (2026-09-08):** a same-day entry here previously claimed this stage was "blocked" — that Basic Pitch 0.4.0 requires `--save-midi` to write a MIDI file, and that the implementation's omission of that flag failed 2 tests. That was a misdiagnosis, never actually confirmed by re-running the s
I013	incident	docs/plans/2026-09-18-transcription-accuracy/2026-09-18-transcription-accuracy.md:376	s03_transcribe		(2026-09-18) The temp mixed-input file and Basic Pitch's raw output dir are now cleaned up in a `finally` block, not unconditionally at the end — a failed `basic-pitch` run no longer leaves `_transcribe_input.wav` behind.
I014	incident	docs/plans/2026-09-19-design-system/2026-09-19-design-system.md:139	Task 2: Reference resolver, build script, and tests		`{a}`) throws instead of hanging or crashing the process (spec §5.1.2, test 1).
I015	incident	docs/plans/2026-09-19-design-system/2026-09-19-design-system.md:161	Task 2: Reference resolver, build script, and tests		`sh`: `sh` has no globstar support, so `**` silently degrades to matching one directory level
I016	incident	docs/plans/2026-09-19-design-system/2026-09-19-design-system.md:163	Task 2: Reference resolver, build script, and tests		failure for not running. Pointing at the directory sidesteps the whole class of bug.
I017	incident	docs/plans/2026-09-19-design-system/2026-09-19-design-system.md:176	Task 2: Reference resolver, build script, and tests		check the actual count in the output, not just a zero exit code. A test that silently never
I018	incident	docs/plans/2026-09-19-design-system/2026-09-19-design-system.md:177	Task 2: Reference resolver, build script, and tests		runs (the exact bug this task's own build fixes) still exits 0.
I019	incident	docs/plans/2026-09-19-design-system/2026-09-19-design-system.md:182	Task 2: Reference resolver, build script, and tests		stop and ask — don't silently emit broken CSS.
I020	incident	docs/plans/2026-09-19-design-system/2026-09-19-design-system.md:207	Task 3: Cutover — wire the build into `dev`/`build`, replace		(`StudioShell.tsx`, hardcoded to `"dark"`), and `StudioShell` wraps the entire shipped app
I021	incident	docs/plans/2026-09-19-design-system/2026-09-19-design-system.md:367	Task 6: Visual editor page		ask rather than silently guessing a field type.
I022	incident	docs/plans/2026-09-19-design-system/2026-09-19-design-system.md:385	Task 7: Documentation — component convention, Figma export, 		mode..." paragraph with a short note describing what actually shipped (this package, the
I023	incident	docs/plans/2026-09-19-design-system/2026-09-19-design-system.md:418	Self-review		exactly once in the app (`StudioShell.tsx`) and that `StudioShell` wraps the entire shipped app
I024	incident	docs/plans/2026-09-19-design-system/design-system-brand-data.md:158	3. Interface		changed since, see §9 — don't silently prefer whichever version is newer without flagging it.
I025	incident	docs/plans/2026-09-19-design-system/design-system-brand-data.md:174	3. Interface		shipped app (`app/app/page.tsx`; `/studio` is only a redirect to `/`). So `[data-theme="dark"]`
I026	incident	docs/plans/2026-09-19-design-system/design-system-brand-data.md:342	9. Stop-conditions		don't silently use whichever value is newer without flagging the discrepancy.
I027	incident	docs/plans/2026-09-19-design-system/design-system-components.md:45	0. Two things verified while writing this spec that change w		silently freeze at its **light**-theme literal in `:root`, with nothing to override it for
I028	incident	docs/plans/2026-09-19-design-system/design-system-components.md:108	1. Scope		tokens Tasks 2–3 already shipped — grep confirms (while writing this revision) the only
I029	incident	docs/plans/2026-09-19-design-system/design-system-components.md:129	2. Non-goals		No visual regression tooling, no Storybook, no new test framework — these components have no
I030	incident	docs/plans/2026-09-19-design-system/design-system-components.md:181	3.1 Token additions — `tokens.json` and `tokens.default.json		already shipped, not a new orthogonal pair — confirmed before making it that nothing outside
I031	incident	docs/plans/2026-09-19-design-system/design-system-components.md:224	3.1 Token additions — `tokens.json` and `tokens.default.json		(documented exception, not silently swapped) if no reference syntax works cleanly. This is the one
I032	incident	docs/plans/2026-09-19-design-system/design-system-components.md:327	3.3 Styling convention for all four components (read before 		silently reintroducing a hardcoded opacity.
I033	incident	docs/plans/2026-09-19-design-system/design-system-components.md:495	4.4 `Button.tsx`		`MetronomeControls.tsx`'s pre-fix code both did — that's exactly the bug §4.4a fixes in the
I034	incident	docs/plans/2026-09-19-design-system/design-system-components.md:593	8. Acceptance criteria		rather than relying solely on the golden-string test to catch a regression there. Record the
I035	incident	docs/plans/2026-09-19-design-system/design-system-components.md:619	10. Stop-conditions		don't silently swap in a literal without flagging it.
I036	incident	docs/plans/2026-09-19-design-system/design-system-cutover.md:64	3.1 `build-tokens.mjs`'s CLI entrypoint		isn't silently doing this — matching the visibility precedent in the `ui-ux-pro-max` reference
I037	incident	docs/plans/2026-09-19-design-system/design-system-cutover.md:122	3.4 `globals.css` — the actual cutover		wraps the entire shipped app, so nothing ever falls through to this media query.
I038	incident	docs/plans/2026-09-19-design-system/design-system-cutover.md:201	7. Acceptance criteria		visual check happens to notice a different overscroll color, that's this, not a regression.
I039	incident	docs/plans/2026-09-19-design-system/design-system-resolver-and-build.md:82	`resolve.mjs`		this way — check-before-recurse, not catch-after-crash; the two `hasOwn`/`typeof` checks matter
I040	incident	docs/plans/2026-09-19-design-system/design-system-resolver-and-build.md:237	`build-tokens.mjs`		here would silently break two real, already-shipped components, which is out of this task's (and
I041	incident	docs/plans/2026-09-19-design-system/design-system-resolver-and-build.md:365	8. Definition of done		count here once already, caught on review, which is itself the silent-pass class of bug this
I042	incident	docs/plans/2026-09-19-design-system/design-system-token-api.md:99	2. Interface — exact request/response shapes		would silently coerce and pass) or a non-string `path` (which would otherwise crash `.split(".")`
I043	incident	docs/plans/2026-09-19-design-system/design-system-token-api.md:127	2.1 Consumer contract for Task 6 (documented here since Task		As written, that dispatch table **silently drops all six `percentage` tokens** (Task 4's
I044	incident	docs/plans/2026-09-19-design-system/design-system-token-api.md:173	3. Validation (implemented in `token-writes.mjs`, §3a)		validator should silently accept. There is **no `number` row** — a real inventory of the current
I045	incident	docs/plans/2026-09-19-design-system/design-system-token-api.md:177	3. Validation (implemented in `token-writes.mjs`, §3a)		row instead — safely rejected, not silently accepted or crashing — so a future `number` token gets
I046	incident	docs/plans/2026-09-19-design-system/design-system-token-api.md:186	3. Validation (implemented in `token-writes.mjs`, §3a)		not a bug: resetting undoes exactly the literal-value override an earlier `write` made, restoring
I047	incident	docs/plans/2026-09-19-design-system/design-system-token-api.md:227	3a. `token-writes.mjs` — pure module, tempfile-tested		what makes §10's old "verify manually before shipping" formatting concern an enforced regression
I048	incident	docs/plans/2026-09-19-design-system/design-system-token-api.md:259	4a. Atomic writes		`renameSync` it over the real filename. A rename within the same filesystem is atomic — a crash or
I049	incident	docs/plans/2026-09-19-design-system/design-system-token-api.md:292	5. Bad-case behavior		`path`/`value` missing or non-string where the action requires them | `400` (type-guard, before path lookup — closes the coercion/crash hole)
I050	incident	docs/plans/2026-09-19-design-system/design-system-token-api.md:306	6. Forbidden patterns		No bare `except`/`catch` that swallows an error silently — every `catch` maps to a `400`/`500`
I051	incident	docs/plans/2026-09-19-design-system/design-system-token-api.md:368	10. Stop-conditions		before assuming), that's expected to hit the catch-all `400` (§3), not a bug — don't add a new
I052	incident	docs/plans/2026-09-19-design-system-task-7-docs/2026-09-19-design-system-task-7-docs.md:24	Task 1: Commit the orphaned Task 6 spec		Task 6 (the editor page + field descriptors) was implemented and committed, but its spec file was never committed. It needs to land before Task 7's docs work so the branch history isn't missing a spec for shipped code.
I053	incident	docs/plans/2026-09-19-design-system-task-7-docs/2026-09-19-design-system-task-7-docs.md:36	Task 1: Commit the orphaned Task 6 spec		[ ] **Step 2: Read the spec file once to confirm it matches what Task 6 actually shipped
I054	incident	docs/plans/2026-09-19-design-system-task-7-docs/2026-09-19-design-system-task-7-docs.md:49	Task 1: Commit the orphaned Task 6 spec		shipped code, matching the pattern used for Tasks 1-4.
I055	incident	docs/plans/2026-09-19-design-system-task-7-docs/2026-09-19-design-system-task-7-docs.md:242	Task 4: Rewrite `app/status/design-system.md`		Shipped instead of the bridge:** the package (`app/packages/design-system/`, see its README)
I056	incident	docs/plans/2026-09-19-design-system-task-7-docs/2026-09-19-design-system-task-7-docs.md:268	Task 4: Rewrite `app/status/design-system.md`		stale and not corrected as part of this task — flagging here rather than silently leaving it
I057	incident	docs/plans/2026-09-19-design-system-task-7-docs/2026-09-19-design-system-task-7-docs.md:325	Task 5: Delete the stale local playground file, verify, and 		README.md: replace the Phase-0 stub with what's actually shipped —
I058	incident	docs/plans/2026-09-19-design-system-task-7-docs/2026-09-19-design-system-task-7-docs.md:330	Task 5: Delete the stale local playground file, verify, and 		"SheetDiagram-only adoption" paragraphs with what actually shipped
I059	incident	docs/plans/2026-09-19-design-system-task-7-docs/2026-09-19-design-system-task-7-docs.md:394	Self-Review Notes		Spec coverage:** README additions map to spec §2 (package structure), §6/§6.1 (component scope + convention), §7 (Figma export). Status doc rewrite reflects §5.2 (visual editor, shipped) superseding the bridge-mode plan. Task 6 checklist covers the outline's full "after Task 7" section (click-test, 
I060	incident	docs/plans/2026-09-19-design-system-task-7-docs/design-system-editor.md:14	Task spec: Design system — visual editor page		prop), a genuine JS-semantics bug (object key ordering silently misorders one token group), and a
I061	incident	docs/plans/2026-09-19-design-system-task-7-docs/design-system-editor.md:19	Task spec: Design system — visual editor page		overridden in review rather than silently locked in.
I062	incident	docs/plans/2026-09-19-design-system-task-7-docs/design-system-editor.md:27	Task spec: Design system — visual editor page		`space.1_5`'s JS object-key-order bug (below) — fix generically, or special-case `space`? | **Generic fix**: within each rendered section, sort `dimension`/`percentage` fields by resolved numeric value ascending; leave `color`/`fontFamily` fields in their natural (schema) order, since there's no mea
I063	incident	docs/plans/2026-09-19-design-system-task-7-docs/design-system-editor.md:65	0. Things verified while writing this spec		(sort `dimension`/`percentage` fields by resolved value within every section) so it silently
I064	incident	docs/plans/2026-09-19-design-system-task-7-docs/design-system-editor.md:125	2. Non-goals		`semantic.*` token that references a primitive would silently drift together, which is a bigger,
I065	incident	docs/plans/2026-09-19-design-system-task-7-docs/design-system-editor.md:136	2. Non-goals		No visual-regression tooling, no Storybook.
I066	incident	docs/plans/2026-09-19-design-system-task-7-docs/design-system-editor.md:268	4. `field-descriptors.mjs` — pure module, tested		the order `collectLeafPaths` produced them. This is the generic fix for §0(b)'s ordering bug —
I067	incident	docs/plans/2026-09-19-design-system-task-7-docs/design-system-editor.md:271	4. `field-descriptors.mjs` — pure module, tested		the same class of bug §0(b) found, at the section level too).
I068	incident	docs/plans/2026-09-19-design-system-task-7-docs/design-system-editor.md:275	4. `field-descriptors.mjs` — pure module, tested		structure (regression-guards §0(a)'s numbers without hardcoding the *real* 48/21/23/4 into a test
I069	incident	docs/plans/2026-09-19-design-system-task-7-docs/design-system-editor.md:278	4. `field-descriptors.mjs` — pure module, tested		produces ascending-by-value output — regression-guards §0(b) directly.
I070	incident	docs/plans/2026-09-19-design-system-task-7-docs/design-system-editor.md:303	6. Forbidden patterns		review (§8's stop-condition), not something to patch around silently here.
I071	incident	docs/plans/2026-09-19-design-system-task-7-docs/design-system-editor.md:363	10. Stop-conditions		silently treat this as normal; it means the schema changed since this spec was written and needs
I072	incident	docs/plans/2026-09-20-design-system-iteration-2/2026-09-20-design-system-iteration-2.md:140	Task 2: Live, direct-DOM preview in the editor		`document.documentElement`, clean it up on unmount, revert local state on a failed write
I073	incident	docs/plans/2026-09-20-design-system-iteration-2/2026-09-20-design-system-iteration-2.md:196	Task 4: Dark/light theme switcher		informal QA of Task 1's generated (or hand-authored, if Task 1 hasn't shipped yet) light
I074	incident	docs/plans/2026-09-20-design-system-iteration-2/2026-09-20-design-system-iteration-2.md:224	Task 5: Multi-brand inheritance with per-token reset-to-pare		token playground reaching a stable, exportable set") is satisfied — the system shipped via PR
I075	incident	docs/plans/2026-09-20-design-system-iteration-2/2026-09-20-design-system-iteration-2.md:238	20 — so this is unblocked now, just never re-surfaced. Its "		Resolved decisions (make these explicit in this task's own spec too, don't silently inherit
I076	incident	docs/plans/2026-09-20-design-system-iteration-2/2026-09-20-design-system-iteration-2.md:254	20 — so this is unblocked now, just never re-surfaced. Its "		parent's current value into it — copying would look identical today but silently stops
I077	incident	docs/plans/2026-09-20-design-system-iteration-2/2026-09-20-design-system-iteration-2.md:367	Task 8: Exception-vs-brand-wide edit scope, staged changes, 		behavior, not a bug this task needs to fix.
I078	incident	docs/plans/2026-09-20-design-system-iteration-2/2026-09-20-design-system-iteration-2.md:525	Self-Review		`StudioShell.tsx`/`AppHeader.tsx`'s header convention) — consistent with this session's own lesson about not
I079	incident	docs/plans/2026-09-20-design-system-iteration-2/design-system-batch-write.md:90	`token-writes.mjs`		silently dropping the first — 8a cannot resolve intent, so 8b's UI must warn on this case.
I080	incident	docs/plans/2026-09-20-design-system-iteration-2/design-system-batch-write.md:126	2. Non-goals		400 naming the target path — accepted until 5c, not a bug to work around here.
I081	incident	docs/plans/2026-09-20-design-system-iteration-2/design-system-batch-write.md:186	6. Stop-conditions		rather than reconciling silently.
I082	incident	docs/plans/2026-09-20-design-system-iteration-2/design-system-brand-inheritance-5a.md:48	0. Resolved decisions (verified while writing this spec, not		child brand overlaying its parent) — letting them drift apart silently would be a real correctness
I083	incident	docs/plans/2026-09-20-design-system-iteration-2/design-system-brand-inheritance-5a.md:51	0. Resolved decisions (verified while writing this spec, not		Multi-level inheritance (grandparent chains) throws loudly, not silently truncates.** The plan
I084	incident	docs/plans/2026-09-20-design-system-iteration-2/design-system-brand-inheritance-5a.md:54	0. Resolved decisions (verified while writing this spec, not		rather than silently resolving only one level and producing a subtly-incomplete merge. This matches
I085	incident	docs/plans/2026-09-20-design-system-iteration-2/design-system-brand-inheritance-5a.md:117	3.1 `resolveBrandTree` in `build-tokens.mjs`		// declares a parent throws loudly instead of silently truncating the chain,
I086	incident	docs/plans/2026-09-20-design-system-iteration-2/design-system-brand-reset-to-parent-5b.md:254	3.3 `route.ts`: new `reset-to-parent` action		that might not even be present in the child's own file, silently no-op-ing or corrupting the write.
I087	incident	docs/plans/2026-09-20-design-system-iteration-2/design-system-brand-reset-to-parent-5b.md:275	5. Forbidden patterns		the merged tree would silently convert every inherited leaf into a literal override, permanently
I088	incident	docs/plans/2026-09-20-design-system-iteration-2/design-system-brand-reset-to-parent-5b.md:320	9. Stop-conditions		spec was written, **stop and ask** rather than adapting silently.
I089	incident	docs/plans/2026-09-20-design-system-iteration-2/design-system-editor-fixes.md:19	0. Diagnosis summary (why this spec contains what it does)		root cause found — deliberately not "fixed" here.** Verified by reading the code: `cn` is a
I090	incident	docs/plans/2026-09-20-design-system-iteration-2/design-system-editor-fixes.md:29	0. Diagnosis summary (why this spec contains what it does)		Issue 3 (Revert/Set-as-default on all rows after one edit): NOT a code bug — leftover
I091	incident	docs/plans/2026-09-20-design-system-iteration-2/design-system-editor-fixes.md:35	0. Diagnosis summary (why this spec contains what it does)		Issue 5 (preview Slider frozen): root cause confirmed — and its twin.** Preview
I092	incident	docs/plans/2026-09-20-design-system-iteration-2/design-system-editor-fixes.md:57	1. Scope (`editor.tsx` only)		own input is focused (focus ref; focused ⇒ keystrokes win). Blur-commit path and failed
I093	incident	docs/plans/2026-09-20-design-system-iteration-2/design-system-editor-fixes.md:74	2. Human pre-steps (not execution-model work)		clean tree, STOP (see §5) — that would be a real bug contradicting §0's verdict.
I094	incident	docs/plans/2026-09-20-design-system-iteration-2/design-system-editor-fixes.md:87	2. Human pre-steps (not execution-model work)		same construct as the shipped muted-text classes). All are bare `:root` tokens, so they
I095	incident	docs/plans/2026-09-20-design-system-iteration-2/design-system-editor-fixes.md:116	5. Stop-conditions		`isModified` — that split distinguishes a descriptor-computation bug from a render bug
I096	incident	docs/plans/2026-09-20-design-system-iteration-2/design-system-editor-sidebar.md:243	Acceptance criteria		view and back: confirm nothing crashes and in-flight edits don't silently corrupt state. If any
I097	incident	docs/plans/2026-09-20-design-system-iteration-2/design-system-generate-from-seed.md:36	2. Non-goals		would convert every inherited leaf this task touches into an explicit override, silently
I098	incident	docs/plans/2026-09-20-design-system-iteration-2/design-system-generate-from-seed.md:58	3.1 `applyGenerateFromSeed` in `token-writes.mjs`		that combination wouldn't crash — but this action's own error message and a real color-picker's
I099	incident	docs/plans/2026-09-20-design-system-iteration-2/design-system-generate-from-seed.md:63	3.1 `applyGenerateFromSeed` in `token-writes.mjs`		`$value`s silently (`JSON.stringify` drops `undefined` leaf values without complaint):
I100	incident	docs/plans/2026-09-20-design-system-iteration-2/design-system-generate-from-seed.md:212	4. Bad-case behavior		Generator computes a non-`#rrggbb` value (shape drift, upstream bug) | 500 from `applyGenerateFromSeed`, nothing written, §3.1(c).
I101	incident	docs/plans/2026-09-20-design-system-iteration-2/design-system-generate-from-seed.md:234	7. Acceptance criteria		report it as a finding rather than silently editing that list). Expected outcome is zero
I102	incident	docs/plans/2026-09-20-design-system-iteration-2/design-system-generate-ramp.md:77	2. Non-goals		don't "clean up," reformat, or fix anything in them, even something that looks like a real bug.
I103	incident	docs/plans/2026-09-20-design-system-iteration-2/design-system-generate-ramp.md:78	2. Non-goals		If you find one, note it in your report; don't patch it silently. (Constraint: patching would
I104	incident	docs/plans/2026-09-20-design-system-iteration-2/design-system-generate-ramp.md:206	3.2 `generate-ramp.mjs`		bug: `DESIGN.md`'s "Color roles" section only requires `onAccent` be "a contrast-safe answer" for
I105	incident	docs/plans/2026-09-20-design-system-iteration-2/design-system-generate-ramp.md:210	3.2 `generate-ramp.mjs`		mistaken for scope creep or a regression when Task 1b's manual eyeball check (which this task
I106	incident	docs/plans/2026-09-20-design-system-iteration-2/design-system-generate-ramp.md:220	3.3 `generate-ramp.test.mjs`		time, not decided here" — this is that call, made explicitly so it isn't silently deferred again.)
I107	incident	docs/plans/2026-09-20-design-system-iteration-2/design-system-generate-ramp.md:295	4. Bad-case behavior		A seed hue where the default tone indices (§3.2) don't hit 4.5:1 for some pair | Not expected — verified against 3 diverse seeds with 2.9:1+ of margin above the floor (lowest observed: 7.44:1, the green accent seed's accent/onAccent pair — re-verified empirically 2026-09-20 during spec review; an ea
I108	incident	docs/plans/2026-09-20-design-system-iteration-2/design-system-generate-ramp.md:296	4. Bad-case behavior		A vendored file needs a newer upstream version later (e.g. a real bug is found in the vendored math) | Out of scope for this task — re-running the vendoring procedure (§3.1) against a newer `@material/material-color-utilities` version is a future task's concern, not this one's.
I109	incident	docs/plans/2026-09-20-design-system-iteration-2/design-system-generate-ramp.md:334	7. Acceptance criteria		`tokens.json`, so it can't regress this by construction, but run it anyway).
I110	incident	docs/plans/2026-09-20-design-system-iteration-2/design-system-generate-ramp.md:346	9. Stop-conditions		task actually runs, **stop and ask** rather than assuming the ESM-import bug (§0) is still
I111	incident	docs/plans/2026-09-20-design-system-iteration-2/design-system-generate-ramp.md:351	9. Stop-conditions		them imports something outside the 8-file set), **stop and ask** rather than silently vendoring
I112	incident	docs/plans/2026-09-20-design-system-iteration-2/design-system-inherited-overridden-5c.md:35	1. Context (read, don't re-derive)		so pointing `active-brand.json` at `demo-child` currently crashes with `ENOENT`. §3 fixes this.
I113	incident	docs/plans/2026-09-20-design-system-iteration-2/design-system-inherited-overridden-5c.md:158	2. Write path: validate-against-merged, write-into-own		`"reset"`/`"reset-all"`/`"set-as-default"` on a child brand — explicit 400, not a crash.
I114	incident	docs/plans/2026-09-20-design-system-iteration-2/design-system-inherited-overridden-5c.md:172	2. Write path: validate-against-merged, write-into-own		call must still fail cleanly, not crash.
I115	incident	docs/plans/2026-09-20-design-system-iteration-2/design-system-inherited-overridden-5c.md:335	8. Acceptance criteria		test it directly). Existing 3-arg-call tests must keep passing unmodified — the regression
I116	incident	docs/plans/2026-09-20-design-system-iteration-2/design-system-inherited-overridden-5c.md:374	9. Stop-conditions		doesn't silently overwrite unrelated data, stop and ask — don't guess at a merge/overwrite
I117	incident	docs/plans/2026-09-20-design-system-iteration-2/design-system-inherited-overridden-5c.md:376	9. Stop-conditions		If restoring `active-brand.json`/`demo-child/tokens.json` (and the CSS rebuild) after a failed
I118	incident	docs/plans/2026-09-20-design-system-iteration-2/design-system-live-preview.md:5	Task spec: Live, direct-DOM preview in the editor (Task 2)		`return () => removeProperty(...)` failed typecheck (`removeProperty` returns a string,
I119	incident	docs/plans/2026-09-20-design-system-iteration-2/design-system-live-preview.md:48	Scope		in-flight preview on a failed commit — verified:
I120	incident	docs/plans/2026-09-20-design-system-iteration-2/design-system-live-preview.md:108	Scope		client-side navigation, so a leftover inline override would silently leak into other routes (e.g.
I121	incident	docs/plans/2026-09-20-design-system-iteration-2/design-system-live-preview.md:112	Scope		during* an in-flight failed commit's ~sub-second POST, the failure path's `setText(d.value)`
I122	incident	docs/plans/2026-09-20-design-system-iteration-2/design-system-live-preview.md:114	Scope		narrow regression surface introduced by the fix, not present before it. Accepted as-is: it needs
I123	incident	docs/plans/2026-09-20-design-system-iteration-2/design-system-staged-save.md:26	0. User story		"Radius" in Color Field isn't confused with "Radius" in Button), instead of silently keeping only
I124	incident	docs/plans/2026-09-20-design-system-iteration-2/design-system-staged-save.md:35	1. Context (read, don't re-derive)		edit is expected, not a bug — Task 7/8's own scope rule ("All variables stays a verbatim, unmoved
I125	incident	docs/plans/2026-09-20-design-system-iteration-2/design-system-staged-save.md:41	1. Context (read, don't re-derive)		target path silently last-wins server-side. 8a correctly can't resolve that — this spec must
I126	incident	docs/plans/2026-09-20-design-system-iteration-2/design-system-staged-save.md:106	Staging, discarding, collision-checking (new functions in `E		// silently last-wins server-side (8a spec, F6) — block Save instead.
I127	incident	docs/plans/2026-09-20-design-system-iteration-2/design-system-staged-save.md:218	Per-field scope override + Discard, in `FieldRow` (lines 212		this explicitly in the diff, don't let it silently become `d.value` everywhere by accident).
I128	incident	docs/plans/2026-09-20-design-system-iteration-2/design-system-staged-save.md:292	3. Non-goals		decision — pending edits persist silently, only Save/Discard clear them).
I129	incident	docs/plans/2026-09-20-design-system-iteration-2/design-system-staged-save.md:329	5. Acceptance criteria		button appears and `tokens.json` on disk is unchanged (no `POST` observed, or read the file
I130	incident	docs/plans/2026-09-20-design-system-iteration-2/design-system-staged-save.md:348	5. Acceptance criteria		let it silently corrupt a third round.
I131	incident	docs/plans/2026-09-20-design-system-iteration-2/design-system-state-overlay.md:74	0. Audit + resolved decisions (verified while writing this s		this one) rather than silently patched over here. This task's helper still accepts any opacity
I132	incident	docs/plans/2026-09-20-design-system-iteration-2/design-system-state-overlay.md:267	9. Stop-conditions		stop and ask** rather than adapting silently — §3.2's byte-equality test depends on the exact
I133	incident	docs/plans/2026-09-20-design-system-iteration-2/design-system-theme-toggle.md:33	1. Context		task) and why removing it is safe, not a regression.
I134	incident	docs/plans/2026-09-20-design-system-iteration-2/design-system-token-descriptions.md:40	1. Context (read, don't re-derive)		4-line expansion, reformatting every described leaf (and, worse, silently *not* reformatting
I135	incident	docs/plans/2026-09-20-design-system-iteration-2/design-system-token-descriptions.md:313	7. Stop-conditions		(i.e. the 2-field case regresses), stop — that would corrupt every other leaf in `tokens.json`
I136	incident	docs/plans/2026-09-20-design-system-iteration-2/design-system-token-orphan-detection.md:53	0. Audit + resolved decisions (verified while writing this s		`accent-`/... is a long, growing list; hard-coding it risks silently missing one and reintroducing
I137	incident	docs/plans/2026-09-20-design-system-iteration-2/design-system-token-orphan-detection.md:89	0. Audit + resolved decisions (verified while writing this s		test itself, not silently exempted and not force-fixed.** The alternative of quietly widening the
I138	incident	docs/plans/2026-09-20-design-system-iteration-2/design-system-token-orphan-detection.md:346	4. Bad-case behavior		Task 3 hasn't landed yet when this test runs | `semantic.state.pressedOpacity` shows up as a third real orphan, not in `KNOWN_ORPHANS` — the test correctly fails. See §9; this is the intended behavior, not a bug.
I139	incident	docs/plans/2026-09-20-design-system-iteration-2/design-system-token-orphan-detection.md:376	7. Acceptance criteria		was wrong, same as the plan's own instruction, but also don't silently edit `KNOWN_ORPHANS` to
I140	incident	docs/plans/2026-09-20-design-system-iteration-2/design-system-token-orphan-detection.md:399	9. Stop-conditions		Don't silently add it to `KNOWN_ORPHANS` and move on.
I141	incident	docs/plans/2026-09-21-home-critique-fixes/2026-09-21-home-critique-fixes.md:66	Spec 6 — Ascii playback banner		User story: as a player on the Ascii tab mid-song I know playback is continuing on the other views instead of wondering if it broke.
I142	incident	docs/plans/2026-09-21-home-critique-fixes/2026-09-21-home-critique-fixes.md:105	Success		Zero P1 findings open, no new a11y/responsive regressions (`detect` signal-only + Playwright green), trend improved with ledger. Known residues carried openly: physical-device touch, live screen-reader pass, synthetic loop-drag feel (no hardware/SR in harness) — stop-conditions in the relevant specs
I143	incident	docs/plans/2026-09-21-home-critique-fixes/home-ascii-banner.md:7	0. User story (approved)		As a player on the Ascii tab mid-song, I see a clear note that playback continues on the other views — instead of a frozen wall of text that makes me wonder if playback broke.
I144	incident	docs/plans/2026-09-21-home-critique-fixes/home-ascii-banner.md:59	7. Acceptance criteria		Play state survives the tab switch (transport still playing — regression guard).
I145	incident	docs/plans/2026-09-21-home-critique-fixes/home-ascii-banner.md:81	10. Execution report (mandatory, on completion or early stop		Status: `AUTOMATED_GREEN_HUMAN_PENDING` while any checkbox is unticked; `BLOCKED` on any failed/not-run required check with Failure Details filled.
I146	incident	docs/plans/2026-09-21-home-critique-fixes/home-control-polish.md:99	10. Execution report (mandatory, on completion or early stop	I145	Status: `AUTOMATED_GREEN_HUMAN_PENDING` while any checkbox is unticked; `BLOCKED` on any failed/not-run required check with Failure Details filled.
I147	incident	docs/plans/2026-09-21-home-critique-fixes/home-controls-consolidation.md:128	10. Execution report (mandatory, on completion or early stop	I145	Status: `AUTOMATED_GREEN_HUMAN_PENDING` while any checkbox is unticked; `BLOCKED` on any failed/not-run required check with Failure Details filled.
I148	incident	docs/plans/2026-09-21-home-critique-fixes/home-controls-wrap-fix.md:77	3. Interface (amended responsive contract)		reported as a live bug with screenshot) in explicit order primary →
I149	incident	docs/plans/2026-09-21-home-critique-fixes/home-controls-wrap-fix.md:81	3. Interface (amended responsive contract)		follow-up bug report, so the xl row reads Reset, Play, Flip, MIDI,
I150	incident	docs/plans/2026-09-21-home-critique-fixes/home-controls-wrap-fix.md:84	3. Interface (amended responsive contract)		touch outside all prior allowlists under direct bug-report instruction)
I151	incident	docs/plans/2026-09-21-home-critique-fixes/home-empty-states.md:49	4. Bad-case behavior		Empty DB, desktop | Sidebar guidance + detail guidance render together; no crash on null song
I152	incident	docs/plans/2026-09-21-home-critique-fixes/home-empty-states.md:68	7. Acceptance criteria		tracked worktree clean at handoff: the 8a commit contains ONLY the 8a allowlist (`MetronomeControls.tsx` + its e2e). The 8b hunks observed in the dirty tree (sidebar/row/pane copy+size) must be reverted from 8a's commit and re-applied under 8b — if 8a's checkpoint contains non-8a hunks, STOP and unt
I153	incident	docs/plans/2026-09-21-home-critique-fixes/home-empty-states.md:97	10. Execution report (mandatory, on completion or early stop	I145	Status: `AUTOMATED_GREEN_HUMAN_PENDING` while any checkbox is unticked; `BLOCKED` on any failed/not-run required check with Failure Details filled.
I154	incident	docs/plans/2026-09-21-home-critique-fixes/home-foundation-tokens.md:44	3. Interface — exact tokens		Unresolved-`{...}` in emitted CSS means a bad value, never a resolver bug — fix the value.
I155	incident	docs/plans/2026-09-21-home-critique-fixes/home-foundation-tokens.md:52	4. Bad-case behavior		New token unreferenced (orphan test) | Covered by the three `KNOWN_ORPHANS` base-path entries added here (dark overrides normalize to base paths — no separate `dark.*` entries); if the test still fails, a genuinely new orphan appeared — investigate, don't extend the list silently
I156	incident	docs/plans/2026-09-21-home-critique-fixes/home-foundation-tokens.md:95	10. Execution report (mandatory, on completion or early stop	I145	Status: `AUTOMATED_GREEN_HUMAN_PENDING` while any checkbox is unticked; `BLOCKED` on any failed/not-run required check with Failure Details filled.
I157	incident	docs/plans/2026-09-21-home-critique-fixes/home-fretboard-playback-color.md:51	4. Bad-case behavior		`currentStep` null / out of range | No `aria-current`, no scroll call, no crash
I158	incident	docs/plans/2026-09-21-home-critique-fixes/home-fretboard-playback-color.md:58	5. Forbidden patterns		No border-width swaps for state (the 1px shift is the bug); no new color literals or ad-hoc `color-mix` (token pattern only); no `smooth` scrolling; no touching drag-select, playhead, pill, orientation, or metronome.
I159	incident	docs/plans/2026-09-21-home-critique-fixes/home-fretboard-playback-color.md:100	11. Execution report (mandatory, on completion or early stop		Status: `AUTOMATED_GREEN_HUMAN_PENDING` while any checkbox is unticked; `BLOCKED` on any failed/not-run required check (including an unproven scroll without the explicit callout) with Failure Details filled.
I160	incident	docs/plans/2026-09-21-home-critique-fixes/home-loop-pill.md:51	5. Forbidden patterns		No gating the pill on active tab (that gate is the bug); no making the empty state clickable; no new color literals (token pattern only); no touching drag-select, playhead, metronome, or orientation.
I161	incident	docs/plans/2026-09-21-home-critique-fixes/home-loop-pill.md:87	10. Execution report (mandatory, on completion or early stop	I145	Status: `AUTOMATED_GREEN_HUMAN_PENDING` while any checkbox is unticked; `BLOCKED` on any failed/not-run required check with Failure Details filled.
I162	incident	docs/plans/2026-09-21-home-critique-fixes/home-orientation-control.md:108	10. Execution report (mandatory, on completion or early stop	I145	Status: `AUTOMATED_GREEN_HUMAN_PENDING` while any checkbox is unticked; `BLOCKED` on any failed/not-run required check with Failure Details filled.
I163	incident	docs/plans/2026-09-21-home-critique-fixes/home-sidebar-drawer.md:101	10. Execution report (mandatory, on completion or early stop	I145	Status: `AUTOMATED_GREEN_HUMAN_PENDING` while any checkbox is unticked; `BLOCKED` on any failed/not-run required check with Failure Details filled.
I164	incident	docs/plans/2026-09-21-home-critique-fixes/home-tempo-honesty.md:9	0. User story (approved)		In plain terms: today the tempo `<input>` (`MetronomeControls.tsx:49-59`) commits every keystroke straight into the hook — clearing the box sends `Number("") = 0`, and `useMetronome.ts:64` computes `songTempoBpm / 0 = Infinity`, so the next step waits forever and playback silently stalls (confirmed 
I165	incident	docs/plans/2026-09-21-home-critique-fixes/home-tempo-honesty.md:65	4. Bad-case behavior		Clear field mid-playback | Draft empties and stays empty; playback continues at last good tempo (the regression under test)
I166	incident	docs/plans/2026-09-21-home-critique-fixes/home-tempo-honesty.md:76	5. Forbidden patterns		No touching `useMetronome.ts` timing (ratio, scheduling, loop, step nav); no immediate-commit `onChange` (that handler is the bug); no Enter path without `preventDefault` + blur suppression (double commit); no hook-level guarantee claims (input-level only, §1); no new color literals/tokens; no toolb
I167	incident	docs/plans/2026-09-21-home-critique-fixes/home-tempo-honesty.md:87	7. Acceptance criteria		freeze regression: clear the field mid-playback → two playhead advances observed, asserting `tempoInput.inputValue() === ""` at **each** advance (an advance observed before the clear or after a re-render proves nothing);
I168	incident	docs/plans/2026-09-21-home-critique-fixes/home-tempo-honesty.md:117	10. Execution report (mandatory, on completion or early stop	I145	Status: `AUTOMATED_GREEN_HUMAN_PENDING` while any checkbox is unticked; `BLOCKED` on any failed/not-run required check with Failure Details filled.
I169	incident	docs/plans/2026-09-21-home-critique-fixes/home-toolbar-shortcuts.md:123	11. Execution report (mandatory, on completion or early stop	I145	Status: `AUTOMATED_GREEN_HUMAN_PENDING` while any checkbox is unticked; `BLOCKED` on any failed/not-run required check with Failure Details filled.
I170	incident	docs/plans/2026-09-23-design-system-brand-management/2026-09-23-design-system-brand-management.md:7	Goal		Give the design system real, user-facing brand management — create, switch, edit-without-leaking, delete — on top of the already-shipped inheritance mechanism (Tasks 5a/5b/5c), so it can serve more than one project's look from one tool.
I171	incident	docs/plans/2026-09-23-design-system-brand-management/2026-09-23-design-system-brand-management.md:65	Task 4.7 — Decouple test fixtures from the real `brands/` di		Discovered while verifying Task 4.5: creating a real brand ("heyhey") through the UI broke two tests that assumed a fixed, closed brand list — an assumption that directly contradicts the app's own rule (every brand except Main is freely creatable/deletable, down to zero). The narrow instances were f
I172	incident	docs/plans/2026-09-23-design-system-brand-management/design-system-brand-crud.md:45	1. Context (read, don't re-derive)		Freezing every alias on Duplicate would silently break dark mode for one real, already-shipped
I173	incident	docs/plans/2026-09-23-design-system-brand-management/design-system-brand-crud.md:64	1. Context (read, don't re-derive)		`renameSync` over the real one, so a crash mid-write can never leave a half-written file
I174	incident	docs/plans/2026-09-23-design-system-brand-management/design-system-brand-crud.md:143	`build-tokens.mjs`		// uses for individual files, one level up. A crash mid-staging leaves an
I175	incident	docs/plans/2026-09-23-design-system-brand-management/design-system-brand-crud.md:306	`route.ts`		// would make an omitted field silently delete whatever's currently active.
I176	incident	docs/plans/2026-09-23-design-system-brand-management/design-system-brand-crud.md:322	`route.ts`		Note `writeFileSync` (not `atomicWriteString`) inside `tmpDir` in the two creation cases: a crash
I177	incident	docs/plans/2026-09-23-design-system-brand-management/design-system-brand-crud.md:345	`editor.tsx`		`validateBrandName`'s empty-name rejection rather than silently creating a brand literally named
I178	incident	docs/plans/2026-09-23-design-system-brand-management/design-system-brand-crud.md:410	4. Bad-case behavior		A crash between `beginBrandCreation` and `commitBrandCreation` | Leaves an orphaned `brands/.tmp-*` directory. `listBrands()` never surfaces it (dot-prefix filter). No automatic cleanup — safe to delete by hand.
I179	incident	docs/plans/2026-09-23-design-system-brand-management/design-system-brand-crud.md:417	5. Forbidden patterns		No bare `except`/unchecked `catch` swallowing an error silently (the one `try/catch` this spec adds,
I180	incident	docs/plans/2026-09-23-design-system-brand-management/design-system-brand-crud.md:483	7. Acceptance criteria		`surfaceText`-aliasing field (not just "doesn't crash").
I181	incident	docs/plans/2026-09-23-design-system-brand-management/design-system-brand-crud.md:509	8. Stop-conditions		regressions in `brand-switcher`/`dark-values`/`descriptions`/`inherited`/`staged-save`.
I182	incident	docs/plans/2026-09-23-design-system-brand-management/design-system-brand-deploy-status.md:15	Task spec: Undeployed-changes indicator per brand		earlier task's shipped code" dependency, not a shared-file conflict.
I183	incident	docs/plans/2026-09-23-design-system-brand-management/design-system-brand-deploy-status.md:31	1. Context (read, don't re-derive)		shipped defaults — see §2's flag table). Locked in during brainstorming — not something this spec
I184	incident	docs/plans/2026-09-23-design-system-brand-management/design-system-brand-deploy-status.md:47	1. Context (read, don't re-derive)		`create-brand`/`duplicate-brand` (shipped by the CRUD spec) don't currently touch deploy status at
I185	incident	docs/plans/2026-09-23-design-system-brand-management/design-system-brand-deploy-status.md:102	`route.ts`		`tokens.default.json` returns the brand to its known-shipped baseline, the one case that *clears
I186	incident	docs/plans/2026-09-23-design-system-brand-management/design-system-brand-deploy-status.md:108	`route.ts`		Extend the two brand-creation cases the CRUD spec shipped**, one line each, right after their
I187	incident	docs/plans/2026-09-23-design-system-brand-management/design-system-brand-deploy-status.md:251	8. Stop-conditions		`deploy-status.spec.ts` (4/4). One real bug found running the full suite (not caught by this spec's
I188	incident	docs/plans/2026-09-23-design-system-brand-management/design-system-brand-switcher.md:145	`editor.tsx`		`key` while `pendingEdits.size > 0` would silently discard staged edits (this project doesn't
I189	incident	docs/plans/2026-09-23-design-system-brand-management/design-system-brand-switcher.md:146	`editor.tsx`		silently drop user edits anywhere else in this editor — see `onCancelPending`/`Discard changes`
I190	incident	docs/plans/2026-09-23-design-system-brand-management/design-system-brand-switcher.md:227	4. Bad-case behavior		`?brand=<slug>` where `<slug>` isn't a real brand directory | `page.tsx` calls `notFound()` — a 404, not a crash or a silent fallback to the active brand.
I191	incident	docs/plans/2026-09-23-design-system-brand-management/design-system-brand-switcher.md:235	5. Forbidden patterns		No bare `except`/unchecked `catch` swallowing an error silently. No touching `.env`/credentials.
I192	incident	docs/plans/2026-09-23-design-system-brand-management/design-system-brand-write-scoping.md:15	0. User story		field, and it saves to *that* brand's `tokens.json` — not silently to whatever `active-brand.json`
I193	incident	docs/plans/2026-09-23-design-system-brand-management/design-system-brand-write-scoping.md:21	1. Context (read, don't re-derive)		`brandDir` from an optional `brand` field in the POST body, added when the brand switcher shipped
I194	incident	docs/plans/2026-09-23-design-system-brand-management/design-system-brand-write-scoping.md:26	1. Context (read, don't re-derive)		brand switcher shipped) — the fix is threading that existing value into each call, not inventing
I195	incident	docs/plans/2026-09-23-design-system-brand-management/design-system-brand-write-scoping.md:34	1. Context (read, don't re-derive)		brand's own `tokens.json` — without this fix, that assertion would fail (or worse, silently pass
I196	incident	docs/plans/2026-09-23-design-system-brand-management/design-system-brand-write-scoping.md:36	1. Context (read, don't re-derive)		same). This task's own e2e addition (§7) is the first thing that actually proves the bug existed
I197	incident	docs/plans/2026-09-23-design-system-brand-management/design-system-editor-modular-split.md:55	1. Context (read, don't re-derive)		surfaces a failed create/duplicate/delete into `index.tsx`'s existing error banner rather than
I198	incident	docs/plans/2026-09-23-design-system-brand-management/design-system-editor-modular-split.md:221	7. Acceptance criteria		files doesn't change `FieldRow`'s own internals) — not a regression, just not this task's job to
I199	incident	docs/plans/2026-09-23-design-system-brand-management/design-system-editor-modular-split.md:251	8. Stop-conditions		task's own scope: a real user brand ("heyhey") created while manually testing broke two tests that
I200	incident	docs/plans/2026-09-24-control-center/2026-09-24-control-center.md:70	Locked decisions		instead of silently moving to 5174 and confusing which instance is live.
I201	incident	docs/plans/2026-09-24-control-center/2026-09-24-control-center.md:160	v1 scope — three modules, five tracer-bullet slices total		orange = running, red = failed, grey = not yet run this session. **Scope: JS/TS only
I202	incident	docs/plans/2026-09-24-control-center/2026-09-24-control-center.md:214	Locked decisions		file exists **and** the last recorded exit code was 0 (a crashed stage leaving partial output
I203	incident	docs/plans/2026-09-24-control-center/2026-09-24-control-center.md:305	Session 6 (2026-09-28): Audio processing page wireframe — la		Status states:** Done, Running, Out of date, Not started, Failed (red light; log auto-opens),
I204	incident	docs/plans/2026-09-24-control-center/2026-09-24-control-center.md:335	Session 7 (2026-09-29): slice 3 shared decisions (steps 2–4)		Per-run status (rule A):** a step is Done when all its `produces` files exist **and** the last "finished" record for that run and stage is `done`. A failed or interrupted record beats present files. No record at all with all files present = Done (runs made from the command line before Control Center
I205	incident	docs/plans/2026-09-24-control-center/2026-09-24-control-center.md:340	Session 7 (2026-09-29): slice 3 shared decisions (steps 2–4)		Carry-forward risks:** 3b must handle `_demucs_raw/` left by a failed or killed separation. 3c must ask for confirmation before re-running a step on a "Done (no record)" run (those are hand-verified references).
I206	incident	docs/plans/2026-09-24-control-center/control-center-slice-2-ingest.md:18	Scope		Task-specific prohibitions:** no bare `except`/empty `catch`, no silently swallowed errors, no fixture-specific hard-coded values, no reading or writing `.env`/credentials (template always-forbidden list); no `csrf.trustedOrigins` other than the exact list built from `ALLOWED_HOSTS` (this amends sli
I207	incident	docs/plans/2026-09-24-control-center/control-center-slice-2-ingest.md:61	Interface and risks		Write `child.pid` into the state file immediately after `spawn` returns (before anything else). If `spawn` throws or emits `error`, append a "finished" record with `outcome: "failed"`, `reason: "spawn_failed"`. The `--` means a file named `-foo.wav` is never read as an option; a path with spaces sta
I208	incident	docs/plans/2026-09-24-control-center/control-center-slice-2-ingest.md:63	Interface and risks		`.exit` exists: code `0` **and** the run folder has every `produces` file → `done`; otherwise `failed`.
I209	incident	docs/plans/2026-09-24-control-center/control-center-slice-2-ingest.md:65	Interface and risks		No `.exit`, pid not alive → `failed` with `outcome: "interrupted"`.
I210	incident	docs/plans/2026-09-24-control-center/control-center-slice-2-ingest.md:67	Interface and risks		5. `reconcile(...)` (synchronous, see 0): for each stage whose status is `done`/`failed` and whose `execId` has no "finished" record, append one (below). Safe to call any number of times.
I211	incident	docs/plans/2026-09-24-control-center/control-center-slice-2-ingest.md:77	Interface and risks		UI** (`StepRow.svelte`, props down, no fetching inside; the page owns data and polling): title, status glyph + text, controls slot, `Log ▸/▾` toggle with a `<pre>`; **Failed** auto-opens the log. Step 1 slot holds Browse, the picked name and size, and Start (disabled while running or with no pick). 
I212	incident	docs/plans/2026-09-24-control-center/control-center-slice-2-ingest.md:87	Bad cases		Process dies without writing `.exit` | Status `interrupted` (Failed), one "finished" record, `exitCode: null` | `runner.test.ts` interrupted test
I213	incident	docs/plans/2026-09-24-control-center/control-center-slice-2-ingest.md:90	Bad cases		Bad or non-audio file, or `ffprobe` missing | Ingest exits non-zero; status Failed; log opens; "finished" `outcome: failed` | human check step 6
I214	incident	docs/plans/2026-09-24-control-center/control-center-slice-2-ingest.md:91	Bad cases		Same-second duplicate run folder | Ingest's `mkdir` fails cleanly; visible in the log as Failed | human check (not forced)
I215	incident	docs/plans/2026-09-24-control-center/control-center-slice-2-ingest.md:107	Tests		`runner.test.ts` (8): start writes "started" before the process exists · exit 0 + `produces` present → `done`, exactly one "finished" after two `reconcile()` calls · exit 3 → `failed`, `exitCode: 3` · pid gone with no `.exit` → `interrupted` · live pid whose command does not match the script → **not
I216	incident	docs/plans/2026-09-24-control-center/control-center-slice-2-ingest.md:126	Done		6. (Steps 5 and 6 each add their own execution; check only the newest `execId`'s records.) Start with a non-audio file renamed `x.wav`: status Failed, log auto-opens with ingest's error, a "finished" record with `outcome: "failed"`.
I217	incident	docs/plans/2026-09-24-control-center/control-center-slice-2-ingest.md:150	Execution outcome (2026-09-29)		`cwd` gap:** the Runner section never set `cwd`, so the relative manifest command failed with "can't open file". Fixed (`067380c`, `pipelineRoot` passed to the runner).
I218	incident	docs/plans/2026-09-24-control-center/control-center-slice-2-ingest.md:152	Execution outcome (2026-09-29)		Design-system gap:** no semantic colour tokens for done/failed states (the row uses `--foreground` plus glyph and text); no font-size tokens (unstyled `<h1>`, from slice 1).
I219	incident	docs/plans/2026-09-24-control-center/control-center-slice-3a-polish.md:5	Control Center slice 3a polish: Show in Finder, spinner, sta		User story:** As the person running this project, when a step finishes I can click **Show in Finder** on its row to see the files it produced. While a step runs I see a spinner next to its name (no explanatory text), and the status dot is green for Done, red for Failed, orange for Interrupted, and e
I220	incident	docs/plans/2026-09-24-control-center/control-center-slice-3a-polish.md:34	Interface and risks		4. **Status dot colours:** `status-colors.css` (imported once in `+layout.svelte`) defines on `:root` `--status-done: #2e7d32`, `--status-failed: #c62828`, `--status-error: #e67e00`. Only the dot glyph is coloured (text stays `var(--foreground)`): Done green, Failed red, Interrupted orange (`--statu
I221	incident	docs/plans/2026-09-24-control-center/control-center-slice-3a-polish.md:35	Interface and risks		5. **Bug fix, same pass:** the subtitle and the run line print "Army— The" because Svelte trims the space at the start of an `{#if}` block. Build the text once in the script (`${title}` plus ` — ${artist}` when present) and render that string in both places.
I222	incident	docs/plans/2026-09-24-control-center/control-center-slice-3a-polish.md:62	Done		4. Dots: Done green, Failed red, Not started hollow. (Interrupted orange is covered by reading the code; forcing one needs killing a stage.)
I223	incident	docs/plans/2026-09-24-control-center/control-center-slice-3a-steps.md:3	Control Center slice 3a: Start and status for steps 2–4		Tier: Full, because** steps 2–4 write and overwrite files inside existing `pipeline_runs/<run>/` folders (the spec-template lists `pipeline_runs/` as real data), and the slice refactors the runner that slice 2 shipped. Escalated from the plan's proposed S as a named decision (2026-09-29), same reaso
I224	incident	docs/plans/2026-09-24-control-center/control-center-slice-3a-steps.md:18	Scope		Task-specific prohibitions:** no bare `except`/empty `catch`, no silently swallowed errors, no fixture-specific hard-coded values, no reading or writing `.env`/credentials; no client-supplied path anywhere (the client sends a **run ID**; the server builds the path); no glob or shell expansion; no sh
I225	incident	docs/plans/2026-09-24-control-center/control-center-slice-3a-steps.md:32	Interface and risks		Runner changes** (`runner.ts`; today it assumes one ingest-shaped stage: `startStage` always appends `-- <audioPath>`, and `stageStatus`/`reconcile` find the run with `findRunDir(startedAt)`, which is ingest-only, so a `runDir` stage would get `runId: null` and read as Failed):
I226	incident	docs/plans/2026-09-24-control-center/control-center-slice-3a-steps.md:38	Interface and risks		The **last** "finished" record for (`runId`, stage) has outcome `failed` or `interrupted` → `failed` (with that outcome), even if all files exist. A crash leaves partial or stale files; the record wins.
I227	incident	docs/plans/2026-09-24-control-center/control-center-slice-3a-steps.md:43	Interface and risks		5. **Step 1's row keeps slice 2's logic** (the global slot status, `stageStatus`), so a failed ingest (finished record with `runId: null`, which belongs to no run) stays visible with its log. Only if there is no slot at all does it fall back to "all `produces` files exist for the newest run → done".
I228	incident	docs/plans/2026-09-24-control-center/control-center-slice-3a-steps.md:56	Interface and risks		Steps 2–4 reuse `StepRow` (title, glyph + status text, controls, `Log ▸/▾`). Labels: Not started, Running, Done, Failed, Interrupted (a `failed` status whose outcome is `interrupted`). Failed and Interrupted auto-open the log.
I229	incident	docs/plans/2026-09-24-control-center/control-center-slice-3a-steps.md:64	Bad cases		Step 2 failed after an earlier good run left stems on disk | Step 3 stays blocked (previous step is Failed; the failed record beats the files) | runner status + gating tests
I230	incident	docs/plans/2026-09-24-control-center/control-center-slice-3a-steps.md:69	Bad cases		Stage exits 0 but a `produces` file is missing | Failed, not Done | runner test
I231	incident	docs/plans/2026-09-24-control-center/control-center-slice-3a-steps.md:70	Bad cases		Stage crashes or is killed (no `.exit`) | Interrupted (Failed); the record wins over leftover files | runner status test
I232	incident	docs/plans/2026-09-24-control-center/control-center-slice-3a-steps.md:71	Bad cases		Failed ingest (no run created) | Step 1 still shows Failed with its log (slice 2 behaviour) | regression test
I233	incident	docs/plans/2026-09-24-control-center/control-center-slice-3a-steps.md:89	Tests		`runner.test.ts` (+13, and existing tests adapted for the rename): status: done (record + files) · a failed record beats present files · interrupted → failed with outcome interrupted · no record + all files → done · no record + missing files → notStarted · a slot live on another run does not mark th
I234	incident	docs/plans/2026-09-24-control-center/control-center-slice-3a-steps.md:115	Stop conditions		Step 1 (ingestion) behaviour changes in any existing test or in the human check (including a failed ingest no longer showing Failed) → STOP: the refactor must not alter slice 2.
I235	incident	docs/plans/2026-09-24-control-center/control-center-slice-3b-stop.md:18	Scope		Task-specific prohibitions:** no bare `except`/empty `catch`, no silently swallowed errors, no fixture-specific hard-coded values, no `.env`/credentials; no delete of anything that is not a `produces` file or `temp` entry of that stage in the manifest, under the validated run folder; never `source.*
I236	incident	docs/plans/2026-09-24-control-center/control-center-slice-3b-stop.md:44	Interface and risks		Status:** `StepState` gains `"stopped"`, and every `outcome` union (`StepStatus`, `RunStepStatus`, the `StepRow` props) gains `"stopped"`. In `runStepStatus`, after the running check and before the failed/interrupted rule: the last "finished" record for (run, stage) with outcome `stopped` → `{ statu
I237	incident	docs/plans/2026-09-24-control-center/control-center-slice-3c-runs.md:24	Scope		Task-specific prohibitions:** no bare `except`/empty `catch`, no silently swallowed errors (the one `statSync` catch below rethrows anything but `ENOENT`), no fixture-specific hard-coded values, no `.env`/credentials, no client-supplied path (the client sends a run ID that `resolveRunDir` validates)
I238	incident	docs/plans/2026-09-24-control-center/control-center-slice-3c-runs.md:120	Tests		`runner.test.ts` (+4): `noRecord` is true for files-without-record and false for a done record · `outOfDate`: a `requires` file newer than the oldest `produces` → true (and `noRecord` true in the same fixture); equal mtimes → false; `requires` file missing → false; a failed record → `outOfDate` fals
I239	incident	docs/plans/2026-09-24-control-center/control-center-slice-3c-runs.md:121	Tests		Existing assertions: the `runStepStatus:` tests use field-wise `assert.equal`, so they do not break. Observed on `bf49da9`: `grep -n deepEqual src/lib/server/runner.test.ts` prints only lines 149, 351, 363, 375, 468, 493, 499, 513, 518, 534, 563, 566 (`canStart`/`startAudioStage`/`stopStage` results
I240	incident	docs/plans/2026-09-24-control-center/control-center-slice-4-polish.md:15	Scope		Task-specific prohibitions:** no new colours (existing `--foreground`, `--background`, `--color-border`, `--color-accent` only), no import from `app/`, no fixed pixel width on `.content`, no `overflow-x` on `body` or `.shell` (that would hide the bug, not fix it).
I241	incident	docs/plans/2026-09-24-control-center/control-center-slice-4-tab-preview.md:15	Scope		Task-specific prohibitions:** no bare `except`/empty `catch`, no silently swallowed errors (the one read failure logs with `console.error`), no fixture-specific hard-coded values, no `.env`/credentials, no client-supplied path (the run ID is the already-validated selected run), no new colours (exist
I242	incident	docs/plans/2026-09-24-control-center/control-center-slice-5-playback.md:80	Bad cases		Browser blocks audio, or the context cannot be created | `console.error`, no crash, no sound | human
I243	incident	docs/plans/2026-09-24-control-center/control-center-slice-6a-runs.md:25	Interface and risks		`const last = records.filter((r) => r.type === "finished" && r.stage === "s01_ingest").at(-1)`; if `last` is `failed` or `interrupted` return `{ status: "failed", execId: null, startedAt: last.startedAt, outcome: last.outcome }` (the latest ingest attempt failed and nothing has succeeded since; a fa
I244	incident	docs/plans/2026-09-24-control-center/control-center-slice-6a-runs.md:27	Interface and risks		`canStart` for step 1 in `load` stays `status !== "running"`. Step 1's log: `readLogTail` only when `step1.status` is `running` or `failed` (the last attempt's log); otherwise `''` (do not use `slotRunId` for step 1: ingest `started` records always carry `runId: null`, so it can never match). Remove
I245	incident	docs/plans/2026-09-24-control-center/control-center-slice-6a-runs.md:28	Interface and risks		5. **`StepRow.svelte` log rule:** replace `$effect(() => { if (status === "failed") open = true; })` so the log opens only on a change **into** `failed` during the page session, never on first render or while it stays `failed`:
I246	incident	docs/plans/2026-09-24-control-center/control-center-slice-6a-runs.md:32	Interface and risks		if (status === "failed" && previous !== null && previous !== "failed") open = true;
I247	incident	docs/plans/2026-09-24-control-center/control-center-slice-6a-runs.md:36	Interface and risks		(`previous` is a plain variable, not `$state`, so it does not retrigger the effect; `null` on the first run means a page that loads already failed stays closed. It starts as `null`, not `status`, so Svelte's "captures only the initial value" warning does not fire.) The user can still open or close t
I248	incident	docs/plans/2026-09-24-control-center/control-center-slice-6a-runs.md:70	Bad cases		Latest ingest attempt failed, nothing succeeded since | step 1 shows Failed and its log; log opens only when it *became* failed | `runner.test.ts` + human
I249	incident	docs/plans/2026-09-24-control-center/control-center-slice-6a-runs.md:71	Bad cases		Newest run deleted, slot says exit 0 | remaining runs show step 1 Done, not Failed | `runner.test.ts`
I250	incident	docs/plans/2026-09-24-control-center/control-center-slice-6a-runs.md:121	Human check (owner; `npm run dev` from `tools/Control_Centre		8. After deleting the newest run, the remaining runs show step 1 as Done, not Failed.
I251	incident	docs/plans/2026-09-24-control-center/control-center-slice-6b-fix-3.md:25	Changes (exact)		Script: `const toastText = $derived(form?.invalid ? (data.picked ? `${form.invalid} Keeping ${data.picked.name}.` : form.invalid) : form?.browseFailed ? `Browse failed: ${form.browseFailed}` : null);` `let dismissedForm = $state<unknown>(null);` and an `$effect` that, when `toastText !== null && for
I252	incident	docs/plans/2026-09-24-control-center/control-center-slice-6b-fix.md:9	Control Center slice 6b fix: the log opens only for a real e		Cause (read from the code and the records): Stop kills the process group, and a page refresh that lands before Stop writes its record makes `reconcileRunDirStage` write `interrupted` first, so the row goes running → failed(`interrupted`) → stopped. `data/records.jsonl` shows this on every Stop so fa
I253	incident	docs/plans/2026-09-24-control-center/control-center-slice-6b-fix.md:25	Change (exact)		const real = status === 'failed' && outcome === 'failed';
I254	incident	docs/plans/2026-09-24-control-center/control-center-slice-6b-fix.md:37	Change (exact)		and clear the flag when the person toggles by hand: the Log button's `onclick` becomes `() => { open = !open; autoOpened = false; }`. `outcome === 'failed'` means the process exited with an error; `interrupted` (killed, or a Stop's flicker) and `stopped` never open the log by themselves. `previousRe
I255	incident	docs/plans/2026-09-24-control-center/control-center-slice-6b-fix.md:54	Stop conditions		Assumption reading could not confirm (STOP if the human check shows it false): a failed step's `outcome` is `'failed'` for a non-zero exit and `'interrupted'` for a killed process (from `runStepStatus` and `ingestStatusForRun`).
I256	incident	docs/plans/2026-09-24-control-center/control-center-slice-6b-fix.md:59	Execution outcome (2026-09-29)		Implemented as `461a45f` on `feat/control-center-slice-6b-step-rows` (2 files, +13/−5; 122 tests, 0 fail; svelte-check 0/0; build OK). Claude re-ran verify and build and read the diff: the log opens only on a change into a real failure (`outcome === 'failed'`), closes when the step restarts if it op
I257	incident	docs/plans/2026-09-24-control-center/control-center-slice-6b-step-rows.md:30	Changes (exact)		Picker shows the selected run after a Delete or any other data change (bug in 6a):** replace `selected={run.id === data.run?.id}` on each `<option>` with `value={data.run?.id}` on the `<select>`. Cause: after the user changes a `<select>`, its DOM selection is "dirty", and later changes to the `sele
I258	incident	docs/plans/2026-09-24-control-center/control-center-slice-7-theme-fonts.md:5	Control Center slice 7: Geist fonts, dark mode button, statu		User story:** As the person running this project, I want Control Center to look like the web app: the same Geist fonts, the same colours, and the same Sun/Moon button to switch between light and dark. Every value comes from the design system; where the design system had no value (the Done/Failed/Int
I259	incident	docs/plans/2026-09-24-control-center/control-center-slice-7-theme-fonts.md:24	Changes (exact)		3. **Use the status tokens.** Regenerate (`npm run tokens`) and replace every `var(--status-done)`, `--status-failed`, `--status-error` in Control Center with the generated names for the new tokens (look them up in `design-tokens.generated.css`, expected `--color-status-done`, `--color-status-failed
I260	incident	docs/plans/2026-09-25-bpm-input-notes-click-select/2026-09-25-bpm-input-notes-click-select.md:18	Global Constraints		Every task's own test command (and `npm run typecheck`) must pass before committing. Check `lsof -i :3000` is free before any `npx playwright test` run (a stale dev server on that port causes `reuseExistingServer` to silently test against stale output — see the project's own postmortem on this from 
I261	incident	docs/plans/2026-09-25-bpm-input-notes-click-select/2026-09-25-bpm-input-notes-click-select.md:384	Task 3: Click a Sheet note to jump playback there (replaces 		Expected: all pass. Pay particular attention to `"Sheet drag sets the loop on every tab; X clears everywhere"` and `"layout-rerun: every-tab pill preserves rows in both states"` — both exercise the same drag gesture this task's plain-click branch sits next to; a regression here would mean the click/
I262	incident	docs/plans/2026-09-25-metronome-iconbutton/2026-09-25-metronome-iconbutton.md:19	Global Constraints		BPM range:** 20–500 (raised from 20–300). Step buttons move by 5. Typing in the input still allows any integer in range. At either boundary the `+`/`-` button stays clickable and silently clamps (no `disabled`, no error).
I263	incident	docs/plans/2026-09-25-metronome-iconbutton/2026-09-25-metronome-iconbutton.md:638	Task 5: BPM range, step buttons, and height match		Note on boundary behavior: at `bpm === MAX_BPM`, `clampBpm(bpm + BPM_STEP)` evaluates to `MAX_BPM` again, so `onBpmChange(MAX_BPM)` is called — a harmless no-op re-set, matching "clickable but silently clamps, no error" exactly, with no `disabled` logic needed. Same at `MIN_BPM` for the decrement bu
I264	incident	docs/plans/2026-09-25-metronome-iconbutton/2026-09-25-metronome-iconbutton.md:681	Task 5: BPM range, step buttons, and height match		test("bpm range is 20-500, +/- buttons step by 5 and clamp silently at the boundary", async ({ page }) => {
I265	incident	docs/plans/specs/ci-verify-workflow.md:14	Non-goals		required `verify` check). Visual regression CI is still deferred, per
I266	incident	docs/plans/specs/ci-verify-workflow.md:39	Bad-case behavior		Workflow file itself has a syntax error | GitHub Actions surfaces this as a failed run in the Actions tab; no special handling needed beyond that.
I267	incident	docs/plans/specs/design-system-editor-brand-audit-PREP.md:6	Prep notes: Task 5 — editor UI generalize beyond "the defaul		re-run the audit against whatever `editor.tsx` looks like once 2/3/4 have actually shipped, and turn
I268	incident	docs/plans/specs/design-system-editor-brand-audit-PREP.md:38	What today's audit already found (still true, worth carrying		The plan's own flagged risk is real and still open, but it's a testing gap, not a code bug.
I269	incident	docs/plans/specs/design-system-editor-brand-audit-PREP.md:40	What today's audit already found (still true, worth carrying		`page.tsx`, shipped with Task 1) specifically so no state leaks across a switch — this mechanism has
I270	incident	docs/plans/specs/design-system-editor-brand-audit-PREP.md:69	Skeleton for the real spec (sections per spec-template.md — 		read the actual shipped New/Duplicate/Delete + badge/banner code for the first time.
I271	incident	docs/plans/specs/drift-log-archive-split.md:19	Steps		quirk, not something to silently fix. Preserve file order when moving entries (don't
I272	incident	docs/plans/specs/pipeline-02-separate.md:26	Done when		Gotcha found during implementation, not anticipated in the original spec:** `demucs` is a `.venv`-local binary, not on the system `PATH` like `ffmpeg`/`ffprobe` are — a bare `subprocess.run(["demucs", ...])` failed with `FileNotFoundError`. Fixed by resolving the binary path relative to `sys.executa
I273	incident	docs/decisions/0003-pipeline-tool-choices.md:19	Component choices, and why they're built swappable rather th		Song complexity, not audio quality, is the transcription bottleneck — and simpler songs are the near-term target.** Phase 0 testing (Checkpoint 2) found that separated and full-mix transcription both broke down on dense, distorted, multi-instrument sections of the two test songs, while a third, full
I274	incident	docs/decisions/0009-agent-workflow-tooling.md:22	Two rules cherry-picked from an external source, not install		Surface assumptions instead of picking silently** — nothing in this repo previously told an agent to name competing interpretations or stop and ask on an ambiguous *ordinary* task (`superpowers:brainstorming` only covers this for creative/feature work).
I275	incident	docs/decisions/0010-brand-management-architecture.md:8	Brand management: flat hierarchy, reuse existing inheritance		decided to build this as **UI on top of the already-shipped inheritance
I276	incident	docs/decisions/0010-brand-management-architecture.md:22	Considered options		ultimately rejected in favor of keeping the shipped, tested mechanism
I277	incident	docs/decisions/0010-brand-management-architecture.md:39	Consequences		this asymmetry is intentional, not a bug, and needs to be visible in the
I278	incident	docs/web-app-workflow/execution-loop.md:27	5. Execution loop (Bounded and Architectural tasks)		made silently, that weren't actually agreed on (e.g. picking a caching staleness policy that
I279	incident	docs/web-app-workflow/execution-loop.md:53	5. Execution loop (Bounded and Architectural tasks)		the failure mode behind the repeated "built and tested locally, never committed" incident,
I280	incident	docs/web-app-workflow/execution-loop.md:58	5. Execution loop (Bounded and Architectural tasks)		One line per Done probe the spec lists: what was run, what was observed, ✓/✗. Don't add probes
I281	incident	docs/web-app-workflow/execution-loop.md:73	5. Execution loop (Bounded and Architectural tasks)		Claims that are `Inferred` (concluded from code structure, not run or observed), tagged as
I282	incident	docs/web-app-workflow/execution-loop.md:162	6. Not yet in place		Visual regression testing (screenshot comparisons via Playwright) stays deferred — the spec
I283	incident	docs/web-app-workflow/spec-template.md:13	Before writing		inside the chosen tier, it does not silently upgrade the spec.
I284	incident	docs/web-app-workflow/spec-template.md:33	Before writing		Never cut: a crash/null path in embedded logic, an existing assertion the change will break, a
I285	incident	docs/web-app-workflow/spec-template.md:55	Sections		here:** bare `except`, hardcoded fixture-specific values, silently swallowed errors, touching
I286	incident	docs/web-app-workflow/spec-template.md:106	Evidence rule (spec and report)		No "verified"/"confirmed" without the command and its observed output next to it (applies to
I287	incident	docs/web-app-workflow/spec-template.md:128	Why these rules (incidents, one line each)		Read live files: a spec was written for "add the Fretboard playhead" after it already shipped
I288	incident	docs/web-app-workflow/spec-template.md:131	Why these rules (incidents, one line each)		drift ("cross-file"); observed cost: a 268-line spec for ~30 lines of change.
I289	incident	docs/web-app-workflow/spec-template.md:134	Why these rules (incidents, one line each)		Evidence rule: a spec claimed "fully verified end-to-end" and the file crashed with `ENOENT` on
I290	incident	docs/web-app-workflow/spec-template.md:138	Why these rules (incidents, one line each)		Revert-and-rebuild: a manual seed-generation check left `tokens.json` mutated and broke 6
I291	incident	docs/web-app-workflow/spec-template.md:140	Why these rules (incidents, one line each)		Playwright for UI behavior: Task 7 relied on manual staging and still shipped a flaky slider drag
I292	incident	docs/web-app-workflow/spec-template.md:143	Why these rules (incidents, one line each)		seam-bug risk (an interface/test ownership contradiction appeared from a split).
I293	incident	docs/web-app-workflow/tiering.md:37	2. What each tier does		fragment pays the full template weight and introduces its own seam-bug risk (an
I294	incident	docs/web-app-workflow/tiering.md:38	2. What each tier does		interface/ownership mismatch between fragments that didn't exist before the split, observed in
I295	incident	docs/DRIFT_LOG.md:27	2026-09-20 — token-discipline pass (checked by this session,		Forward rule (so this isn't re-decided): a spec/plan archives to `docs/specs/archive/` or `docs/superpowers/plans/archive/` only when its work shipped per `git log`/merged PRs — never by age; the move updates all inbound refs in the same commit (known case: 9 refs to the 2026-09-19 design-system pla
I296	incident	app/STATUS.md:21	Topic index		Deployment** — Vercel setup, how to actually deploy, the Root Directory incident and how to spot it again, a known flaky (but harmless) build error. *Open if your task touches: deploying, Vercel settings, or a deploy that's failing.* → `app/status/deployment.md`
